name,type,value,date
肖战,肖战,184418,2020-03-15
肖战,肖战,25276,2020-03-15
肖战,肖战,159142,2020-03-15
肖战,肖战,160089,2020-03-16
肖战,肖战,26805,2020-03-16
肖战,肖战,133284,2020-03-16
肖战,肖战,156669,2020-03-17
肖战,肖战,26971,2020-03-17
肖战,肖战,129698,2020-03-17
肖战,肖战,142624,2020-03-18
肖战,肖战,23397,2020-03-18
肖战,肖战,119227,2020-03-18
肖战,肖战,137742,2020-03-19
肖战,肖战,23012,2020-03-19
肖战,肖战,114730,2020-03-19
肖战,肖战,133757,2020-03-20
肖战,肖战,22670,2020-03-20
肖战,肖战,111087,2020-03-20
肖战,肖战,125930,2020-03-21
肖战,肖战,17022,2020-03-21
肖战,肖战,108908,2020-03-21
肖战,肖战,248950,2020-03-22
肖战,肖战,39236,2020-03-22
肖战,肖战,209714,2020-03-22
肖战,肖战,182926,2020-03-23
肖战,肖战,32992,2020-03-23
肖战,肖战,149934,2020-03-23
肖战,肖战,159030,2020-03-24
肖战,肖战,28602,2020-03-24
肖战,肖战,130428,2020-03-24
肖战,肖战,151352,2020-03-25
肖战,肖战,24831,2020-03-25
肖战,肖战,126521,2020-03-25
肖战,肖战,149763,2020-03-26
肖战,肖战,22421,2020-03-26
肖战,肖战,127342,2020-03-26
肖战,肖战,146529,2020-03-27
肖战,肖战,21084,2020-03-27
肖战,肖战,125445,2020-03-27
肖战,肖战,138415,2020-03-28
肖战,肖战,15716,2020-03-28
肖战,肖战,122699,2020-03-28
肖战,肖战,157763,2020-03-29
肖战,肖战,15785,2020-03-29
肖战,肖战,141978,2020-03-29
肖战,肖战,160543,2020-03-30
肖战,肖战,21476,2020-03-30
肖战,肖战,139067,2020-03-30
肖战,肖战,146465,2020-03-31
肖战,肖战,19417,2020-03-31
肖战,肖战,127048,2020-03-31
肖战,肖战,144103,2020-04-01
肖战,肖战,19175,2020-04-01
肖战,肖战,124928,2020-04-01
肖战,肖战,143711,2020-04-02
肖战,肖战,19513,2020-04-02
肖战,肖战,124198,2020-04-02
肖战,肖战,136089,2020-04-03
肖战,肖战,18761,2020-04-03
肖战,肖战,117328,2020-04-03
肖战,肖战,144720,2020-04-04
肖战,肖战,13585,2020-04-04
肖战,肖战,131135,2020-04-04
许魏洲,许魏洲,27164,2020-03-15
许魏洲,许魏洲,6747,2020-03-15
许魏洲,许魏洲,20417,2020-03-15
许魏洲,许魏洲,15186,2020-03-16
许魏洲,许魏洲,6540,2020-03-16
许魏洲,许魏洲,8646,2020-03-16
许魏洲,许魏洲,16724,2020-03-17
许魏洲,许魏洲,7199,2020-03-17
许魏洲,许魏洲,9525,2020-03-17
许魏洲,许魏洲,27091,2020-03-18
许魏洲,许魏洲,11983,2020-03-18
许魏洲,许魏洲,15108,2020-03-18
许魏洲,许魏洲,26851,2020-03-19
许魏洲,许魏洲,12420,2020-03-19
许魏洲,许魏洲,14431,2020-03-19
许魏洲,许魏洲,32247,2020-03-20
许魏洲,许魏洲,13750,2020-03-20
许魏洲,许魏洲,18497,2020-03-20
许魏洲,许魏洲,25869,2020-03-21
许魏洲,许魏洲,10855,2020-03-21
许魏洲,许魏洲,15014,2020-03-21
许魏洲,许魏洲,31084,2020-03-22
许魏洲,许魏洲,11483,2020-03-22
许魏洲,许魏洲,19601,2020-03-22
许魏洲,许魏洲,19461,2020-03-23
许魏洲,许魏洲,11673,2020-03-23
许魏洲,许魏洲,7788,2020-03-23
许魏洲,许魏洲,22809,2020-03-24
许魏洲,许魏洲,13043,2020-03-24
许魏洲,许魏洲,9766,2020-03-24
许魏洲,许魏洲,29369,2020-03-25
许魏洲,许魏洲,12083,2020-03-25
许魏洲,许魏洲,17286,2020-03-25
许魏洲,许魏洲,27628,2020-03-26
许魏洲,许魏洲,10964,2020-03-26
许魏洲,许魏洲,16664,2020-03-26
许魏洲,许魏洲,29710,2020-03-27
许魏洲,许魏洲,15129,2020-03-27
许魏洲,许魏洲,14581,2020-03-27
许魏洲,许魏洲,30441,2020-03-28
许魏洲,许魏洲,16136,2020-03-28
许魏洲,许魏洲,14305,2020-03-28
许魏洲,许魏洲,30193,2020-03-29
许魏洲,许魏洲,15825,2020-03-29
许魏洲,许魏洲,14368,2020-03-29
许魏洲,许魏洲,19067,2020-03-30
许魏洲,许魏洲,10879,2020-03-30
许魏洲,许魏洲,8188,2020-03-30
许魏洲,许魏洲,20612,2020-03-31
许魏洲,许魏洲,11168,2020-03-31
许魏洲,许魏洲,9444,2020-03-31
许魏洲,许魏洲,23587,2020-04-01
许魏洲,许魏洲,12751,2020-04-01
许魏洲,许魏洲,10836,2020-04-01
许魏洲,许魏洲,27669,2020-04-02
许魏洲,许魏洲,15394,2020-04-02
许魏洲,许魏洲,12275,2020-04-02
许魏洲,许魏洲,25976,2020-04-03
许魏洲,许魏洲,11908,2020-04-03
许魏洲,许魏洲,14068,2020-04-03
许魏洲,许魏洲,25632,2020-04-04
许魏洲,许魏洲,10013,2020-04-04
许魏洲,许魏洲,15619,2020-04-04
于朦胧,于朦胧,34729,2020-03-15
于朦胧,于朦胧,20251,2020-03-15
于朦胧,于朦胧,14478,2020-03-15
于朦胧,于朦胧,30609,2020-03-16
于朦胧,于朦胧,16777,2020-03-16
于朦胧,于朦胧,13832,2020-03-16
于朦胧,于朦胧,25814,2020-03-17
于朦胧,于朦胧,13449,2020-03-17
于朦胧,于朦胧,12365,2020-03-17
于朦胧,于朦胧,28926,2020-03-18
于朦胧,于朦胧,17635,2020-03-18
于朦胧,于朦胧,11291,2020-03-18
于朦胧,于朦胧,24419,2020-03-19
于朦胧,于朦胧,13872,2020-03-19
于朦胧,于朦胧,10547,2020-03-19
于朦胧,于朦胧,117947,2020-03-20
于朦胧,于朦胧,99832,2020-03-20
于朦胧,于朦胧,18115,2020-03-20
于朦胧,于朦胧,113729,2020-03-21
于朦胧,于朦胧,94332,2020-03-21
于朦胧,于朦胧,19397,2020-03-21
于朦胧,于朦胧,115684,2020-03-22
于朦胧,于朦胧,95131,2020-03-22
于朦胧,于朦胧,20553,2020-03-22
于朦胧,于朦胧,28826,2020-03-23
于朦胧,于朦胧,15896,2020-03-23
于朦胧,于朦胧,12930,2020-03-23
于朦胧,于朦胧,25652,2020-03-24
于朦胧,于朦胧,13370,2020-03-24
于朦胧,于朦胧,12282,2020-03-24
于朦胧,于朦胧,26981,2020-03-25
于朦胧,于朦胧,15025,2020-03-25
于朦胧,于朦胧,11956,2020-03-25
于朦胧,于朦胧,23881,2020-03-26
于朦胧,于朦胧,12247,2020-03-26
于朦胧,于朦胧,11634,2020-03-26
于朦胧,于朦胧,32698,2020-03-27
于朦胧,于朦胧,21970,2020-03-27
于朦胧,于朦胧,10728,2020-03-27
于朦胧,于朦胧,30105,2020-03-28
于朦胧,于朦胧,19848,2020-03-28
于朦胧,于朦胧,10257,2020-03-28
于朦胧,于朦胧,27060,2020-03-29
于朦胧,于朦胧,16526,2020-03-29
于朦胧,于朦胧,10534,2020-03-29
于朦胧,于朦胧,14111,2020-03-30
于朦胧,于朦胧,3389,2020-03-30
于朦胧,于朦胧,10722,2020-03-30
于朦胧,于朦胧,24126,2020-03-31
于朦胧,于朦胧,14051,2020-03-31
于朦胧,于朦胧,10075,2020-03-31
于朦胧,于朦胧,26153,2020-04-01
于朦胧,于朦胧,16349,2020-04-01
于朦胧,于朦胧,9804,2020-04-01
于朦胧,于朦胧,21330,2020-04-02
于朦胧,于朦胧,13421,2020-04-02
于朦胧,于朦胧,7909,2020-04-02
于朦胧,于朦胧,31789,2020-04-03
于朦胧,于朦胧,22581,2020-04-03
于朦胧,于朦胧,9208,2020-04-03
于朦胧,于朦胧,35344,2020-04-04
于朦胧,于朦胧,24299,2020-04-04
于朦胧,于朦胧,11045,2020-04-04
朱一龙,朱一龙,36647,2020-03-15
朱一龙,朱一龙,7135,2020-03-15
朱一龙,朱一龙,29512,2020-03-15
朱一龙,朱一龙,37927,2020-03-16
朱一龙,朱一龙,11038,2020-03-16
朱一龙,朱一龙,26889,2020-03-16
朱一龙,朱一龙,39652,2020-03-17
朱一龙,朱一龙,11904,2020-03-17
朱一龙,朱一龙,27748,2020-03-17
朱一龙,朱一龙,40356,2020-03-18
朱一龙,朱一龙,10938,2020-03-18
朱一龙,朱一龙,29418,2020-03-18
朱一龙,朱一龙,36163,2020-03-19
朱一龙,朱一龙,11456,2020-03-19
朱一龙,朱一龙,24707,2020-03-19
朱一龙,朱一龙,38423,2020-03-20
朱一龙,朱一龙,10573,2020-03-20
朱一龙,朱一龙,27850,2020-03-20
朱一龙,朱一龙,35192,2020-03-21
朱一龙,朱一龙,10117,2020-03-21
朱一龙,朱一龙,25075,2020-03-21
朱一龙,朱一龙,35593,2020-03-22
朱一龙,朱一龙,10270,2020-03-22
朱一龙,朱一龙,25323,2020-03-22
朱一龙,朱一龙,40577,2020-03-23
朱一龙,朱一龙,12688,2020-03-23
朱一龙,朱一龙,27889,2020-03-23
朱一龙,朱一龙,39363,2020-03-24
朱一龙,朱一龙,10519,2020-03-24
朱一龙,朱一龙,28844,2020-03-24
朱一龙,朱一龙,40853,2020-03-25
朱一龙,朱一龙,11172,2020-03-25
朱一龙,朱一龙,29681,2020-03-25
朱一龙,朱一龙,42056,2020-03-26
朱一龙,朱一龙,10495,2020-03-26
朱一龙,朱一龙,31561,2020-03-26
朱一龙,朱一龙,38268,2020-03-27
朱一龙,朱一龙,11092,2020-03-27
朱一龙,朱一龙,27176,2020-03-27
朱一龙,朱一龙,35676,2020-03-28
朱一龙,朱一龙,9415,2020-03-28
朱一龙,朱一龙,26261,2020-03-28
朱一龙,朱一龙,36275,2020-03-29
朱一龙,朱一龙,9785,2020-03-29
朱一龙,朱一龙,26490,2020-03-29
朱一龙,朱一龙,37506,2020-03-30
朱一龙,朱一龙,10420,2020-03-30
朱一龙,朱一龙,27086,2020-03-30
朱一龙,朱一龙,38366,2020-03-31
朱一龙,朱一龙,11476,2020-03-31
朱一龙,朱一龙,26890,2020-03-31
朱一龙,朱一龙,39569,2020-04-01
朱一龙,朱一龙,11608,2020-04-01
朱一龙,朱一龙,27961,2020-04-01
朱一龙,朱一龙,37855,2020-04-02
朱一龙,朱一龙,10694,2020-04-02
朱一龙,朱一龙,27161,2020-04-02
朱一龙,朱一龙,35434,2020-04-03
朱一龙,朱一龙,9472,2020-04-03
朱一龙,朱一龙,25962,2020-04-03
朱一龙,朱一龙,36300,2020-04-04
朱一龙,朱一龙,9416,2020-04-04
朱一龙,朱一龙,26884,2020-04-04
吴磊,吴磊,22879,2020-03-15
吴磊,吴磊,11860,2020-03-15
吴磊,吴磊,11019,2020-03-15
吴磊,吴磊,16161,2020-03-16
吴磊,吴磊,5422,2020-03-16
吴磊,吴磊,10739,2020-03-16
吴磊,吴磊,18009,2020-03-17
吴磊,吴磊,7534,2020-03-17
吴磊,吴磊,10475,2020-03-17
吴磊,吴磊,17409,2020-03-18
吴磊,吴磊,7002,2020-03-18
吴磊,吴磊,10407,2020-03-18
吴磊,吴磊,17649,2020-03-19
吴磊,吴磊,7247,2020-03-19
吴磊,吴磊,10402,2020-03-19
吴磊,吴磊,20012,2020-03-20
吴磊,吴磊,10336,2020-03-20
吴磊,吴磊,9676,2020-03-20
吴磊,吴磊,43362,2020-03-21
吴磊,吴磊,17700,2020-03-21
吴磊,吴磊,25662,2020-03-21
吴磊,吴磊,28599,2020-03-22
吴磊,吴磊,13299,2020-03-22
吴磊,吴磊,15300,2020-03-22
吴磊,吴磊,20333,2020-03-23
吴磊,吴磊,8662,2020-03-23
吴磊,吴磊,11671,2020-03-23
吴磊,吴磊,17308,2020-03-24
吴磊,吴磊,7029,2020-03-24
吴磊,吴磊,10279,2020-03-24
吴磊,吴磊,18368,2020-03-25
吴磊,吴磊,7501,2020-03-25
吴磊,吴磊,10867,2020-03-25
吴磊,吴磊,18173,2020-03-26
吴磊,吴磊,7348,2020-03-26
吴磊,吴磊,10825,2020-03-26
吴磊,吴磊,24576,2020-03-27
吴磊,吴磊,11088,2020-03-27
吴磊,吴磊,13488,2020-03-27
吴磊,吴磊,27215,2020-03-28
吴磊,吴磊,13340,2020-03-28
吴磊,吴磊,13875,2020-03-28
吴磊,吴磊,32343,2020-03-29
吴磊,吴磊,12458,2020-03-29
吴磊,吴磊,19885,2020-03-29
吴磊,吴磊,20028,2020-03-30
吴磊,吴磊,7157,2020-03-30
吴磊,吴磊,12871,2020-03-30
吴磊,吴磊,17529,2020-03-31
吴磊,吴磊,7225,2020-03-31
吴磊,吴磊,10304,2020-03-31
吴磊,吴磊,17019,2020-04-01
吴磊,吴磊,7496,2020-04-01
吴磊,吴磊,9523,2020-04-01
吴磊,吴磊,15571,2020-04-02
吴磊,吴磊,6651,2020-04-02
吴磊,吴磊,8920,2020-04-02
吴磊,吴磊,16785,2020-04-03
吴磊,吴磊,8818,2020-04-03
吴磊,吴磊,7967,2020-04-03
吴磊,吴磊,22303,2020-04-04
吴磊,吴磊,12965,2020-04-04
吴磊,吴磊,9338,2020-04-04
潘粤明,潘粤明,6385,2020-03-15
潘粤明,潘粤明,886,2020-03-15
潘粤明,潘粤明,5499,2020-03-15
潘粤明,潘粤明,5599,2020-03-16
潘粤明,潘粤明,918,2020-03-16
潘粤明,潘粤明,4681,2020-03-16
潘粤明,潘粤明,5218,2020-03-17
潘粤明,潘粤明,889,2020-03-17
潘粤明,潘粤明,4329,2020-03-17
潘粤明,潘粤明,5015,2020-03-18
潘粤明,潘粤明,884,2020-03-18
潘粤明,潘粤明,4131,2020-03-18
潘粤明,潘粤明,5544,2020-03-19
潘粤明,潘粤明,904,2020-03-19
潘粤明,潘粤明,4640,2020-03-19
潘粤明,潘粤明,5234,2020-03-20
潘粤明,潘粤明,893,2020-03-20
潘粤明,潘粤明,4341,2020-03-20
潘粤明,潘粤明,5652,2020-03-21
潘粤明,潘粤明,874,2020-03-21
潘粤明,潘粤明,4778,2020-03-21
潘粤明,潘粤明,5643,2020-03-22
潘粤明,潘粤明,866,2020-03-22
潘粤明,潘粤明,4777,2020-03-22
潘粤明,潘粤明,4930,2020-03-23
潘粤明,潘粤明,915,2020-03-23
潘粤明,潘粤明,4015,2020-03-23
潘粤明,潘粤明,4547,2020-03-24
潘粤明,潘粤明,891,2020-03-24
潘粤明,潘粤明,3656,2020-03-24
潘粤明,潘粤明,5544,2020-03-25
潘粤明,潘粤明,1070,2020-03-25
潘粤明,潘粤明,4474,2020-03-25
潘粤明,潘粤明,6100,2020-03-26
潘粤明,潘粤明,978,2020-03-26
潘粤明,潘粤明,5122,2020-03-26
潘粤明,潘粤明,6222,2020-03-27
潘粤明,潘粤明,940,2020-03-27
潘粤明,潘粤明,5282,2020-03-27
潘粤明,潘粤明,6632,2020-03-28
潘粤明,潘粤明,917,2020-03-28
潘粤明,潘粤明,5715,2020-03-28
潘粤明,潘粤明,7359,2020-03-29
潘粤明,潘粤明,904,2020-03-29
潘粤明,潘粤明,6455,2020-03-29
潘粤明,潘粤明,6290,2020-03-30
潘粤明,潘粤明,994,2020-03-30
潘粤明,潘粤明,5296,2020-03-30
潘粤明,潘粤明,6559,2020-03-31
潘粤明,潘粤明,1042,2020-03-31
潘粤明,潘粤明,5517,2020-03-31
潘粤明,潘粤明,16101,2020-04-01
潘粤明,潘粤明,2343,2020-04-01
潘粤明,潘粤明,13758,2020-04-01
潘粤明,潘粤明,41526,2020-04-02
潘粤明,潘粤明,7539,2020-04-02
潘粤明,潘粤明,33987,2020-04-02
潘粤明,潘粤明,34450,2020-04-03
潘粤明,潘粤明,6552,2020-04-03
潘粤明,潘粤明,27898,2020-04-03
潘粤明,潘粤明,40231,2020-04-04
潘粤明,潘粤明,5814,2020-04-04
潘粤明,潘粤明,34417,2020-04-04
华晨宇,华晨宇,71900,2020-03-15
华晨宇,华晨宇,5915,2020-03-15
华晨宇,华晨宇,65985,2020-03-15
华晨宇,华晨宇,61384,2020-03-16
华晨宇,华晨宇,7073,2020-03-16
华晨宇,华晨宇,54311,2020-03-16
华晨宇,华晨宇,54546,2020-03-17
华晨宇,华晨宇,6506,2020-03-17
华晨宇,华晨宇,48040,2020-03-17
华晨宇,华晨宇,49944,2020-03-18
华晨宇,华晨宇,6215,2020-03-18
华晨宇,华晨宇,43729,2020-03-18
华晨宇,华晨宇,48140,2020-03-19
华晨宇,华晨宇,5834,2020-03-19
华晨宇,华晨宇,42306,2020-03-19
华晨宇,华晨宇,56560,2020-03-20
华晨宇,华晨宇,6097,2020-03-20
华晨宇,华晨宇,50463,2020-03-20
华晨宇,华晨宇,68805,2020-03-21
华晨宇,华晨宇,6419,2020-03-21
华晨宇,华晨宇,62386,2020-03-21
华晨宇,华晨宇,58959,2020-03-22
华晨宇,华晨宇,5438,2020-03-22
华晨宇,华晨宇,53521,2020-03-22
华晨宇,华晨宇,54387,2020-03-23
华晨宇,华晨宇,7342,2020-03-23
华晨宇,华晨宇,47045,2020-03-23
华晨宇,华晨宇,55946,2020-03-24
华晨宇,华晨宇,7613,2020-03-24
华晨宇,华晨宇,48333,2020-03-24
华晨宇,华晨宇,53380,2020-03-25
华晨宇,华晨宇,7703,2020-03-25
华晨宇,华晨宇,45677,2020-03-25
华晨宇,华晨宇,50373,2020-03-26
华晨宇,华晨宇,6637,2020-03-26
华晨宇,华晨宇,43736,2020-03-26
华晨宇,华晨宇,59608,2020-03-27
华晨宇,华晨宇,6169,2020-03-27
华晨宇,华晨宇,53439,2020-03-27
华晨宇,华晨宇,68059,2020-03-28
华晨宇,华晨宇,6139,2020-03-28
华晨宇,华晨宇,61920,2020-03-28
华晨宇,华晨宇,55908,2020-03-29
华晨宇,华晨宇,5099,2020-03-29
华晨宇,华晨宇,50809,2020-03-29
华晨宇,华晨宇,49906,2020-03-30
华晨宇,华晨宇,6321,2020-03-30
华晨宇,华晨宇,43585,2020-03-30
华晨宇,华晨宇,45292,2020-03-31
华晨宇,华晨宇,6095,2020-03-31
华晨宇,华晨宇,39197,2020-03-31
华晨宇,华晨宇,43245,2020-04-01
华晨宇,华晨宇,5806,2020-04-01
华晨宇,华晨宇,37439,2020-04-01
华晨宇,华晨宇,42545,2020-04-02
华晨宇,华晨宇,5635,2020-04-02
华晨宇,华晨宇,36910,2020-04-02
华晨宇,华晨宇,58098,2020-04-03
华晨宇,华晨宇,5700,2020-04-03
华晨宇,华晨宇,52398,2020-04-03
华晨宇,华晨宇,91172,2020-04-04
华晨宇,华晨宇,6913,2020-04-04
华晨宇,华晨宇,84259,2020-04-04
刘维,刘维,16308,2020-03-15
刘维,刘维,5986,2020-03-15
刘维,刘维,10322,2020-03-15
刘维,刘维,13751,2020-03-16
刘维,刘维,6096,2020-03-16
刘维,刘维,7655,2020-03-16
刘维,刘维,11982,2020-03-17
刘维,刘维,5254,2020-03-17
刘维,刘维,6728,2020-03-17
刘维,刘维,12248,2020-03-18
刘维,刘维,5781,2020-03-18
刘维,刘维,6467,2020-03-18
刘维,刘维,11312,2020-03-19
刘维,刘维,5539,2020-03-19
刘维,刘维,5773,2020-03-19
刘维,刘维,11314,2020-03-20
刘维,刘维,5147,2020-03-20
刘维,刘维,6167,2020-03-20
刘维,刘维,12200,2020-03-21
刘维,刘维,5429,2020-03-21
刘维,刘维,6771,2020-03-21
刘维,刘维,11756,2020-03-22
刘维,刘维,5134,2020-03-22
刘维,刘维,6622,2020-03-22
刘维,刘维,12304,2020-03-23
刘维,刘维,5454,2020-03-23
刘维,刘维,6850,2020-03-23
刘维,刘维,13223,2020-03-24
刘维,刘维,5345,2020-03-24
刘维,刘维,7878,2020-03-24
刘维,刘维,15878,2020-03-25
刘维,刘维,5431,2020-03-25
刘维,刘维,10447,2020-03-25
刘维,刘维,12937,2020-03-26
刘维,刘维,5069,2020-03-26
刘维,刘维,7868,2020-03-26
刘维,刘维,12944,2020-03-27
刘维,刘维,5659,2020-03-27
刘维,刘维,7285,2020-03-27
刘维,刘维,13040,2020-03-28
刘维,刘维,5314,2020-03-28
刘维,刘维,7726,2020-03-28
刘维,刘维,12231,2020-03-29
刘维,刘维,5096,2020-03-29
刘维,刘维,7135,2020-03-29
刘维,刘维,11547,2020-03-30
刘维,刘维,5128,2020-03-30
刘维,刘维,6419,2020-03-30
刘维,刘维,12040,2020-03-31
刘维,刘维,4822,2020-03-31
刘维,刘维,7218,2020-03-31
刘维,刘维,13108,2020-04-01
刘维,刘维,5374,2020-04-01
刘维,刘维,7734,2020-04-01
刘维,刘维,10676,2020-04-02
刘维,刘维,5484,2020-04-02
刘维,刘维,5192,2020-04-02
刘维,刘维,12544,2020-04-03
刘维,刘维,6163,2020-04-03
刘维,刘维,6381,2020-04-03
刘维,刘维,13537,2020-04-04
刘维,刘维,6402,2020-04-04
刘维,刘维,7135,2020-04-04
黄子韬,黄子韬,17311,2020-03-15
黄子韬,黄子韬,5688,2020-03-15
黄子韬,黄子韬,11623,2020-03-15
黄子韬,黄子韬,19964,2020-03-16
黄子韬,黄子韬,5904,2020-03-16
黄子韬,黄子韬,14060,2020-03-16
黄子韬,黄子韬,18881,2020-03-17
黄子韬,黄子韬,5250,2020-03-17
黄子韬,黄子韬,13631,2020-03-17
黄子韬,黄子韬,18040,2020-03-18
黄子韬,黄子韬,5619,2020-03-18
黄子韬,黄子韬,12421,2020-03-18
黄子韬,黄子韬,17255,2020-03-19
黄子韬,黄子韬,5544,2020-03-19
黄子韬,黄子韬,11711,2020-03-19
黄子韬,黄子韬,16262,2020-03-20
黄子韬,黄子韬,4987,2020-03-20
黄子韬,黄子韬,11275,2020-03-20
黄子韬,黄子韬,15791,2020-03-21
黄子韬,黄子韬,5399,2020-03-21
黄子韬,黄子韬,10392,2020-03-21
黄子韬,黄子韬,15795,2020-03-22
黄子韬,黄子韬,5098,2020-03-22
黄子韬,黄子韬,10697,2020-03-22
黄子韬,黄子韬,15817,2020-03-23
黄子韬,黄子韬,5459,2020-03-23
黄子韬,黄子韬,10358,2020-03-23
黄子韬,黄子韬,15803,2020-03-24
黄子韬,黄子韬,5228,2020-03-24
黄子韬,黄子韬,10575,2020-03-24
黄子韬,黄子韬,15846,2020-03-25
黄子韬,黄子韬,4851,2020-03-25
黄子韬,黄子韬,10995,2020-03-25
黄子韬,黄子韬,17394,2020-03-26
黄子韬,黄子韬,4828,2020-03-26
黄子韬,黄子韬,12566,2020-03-26
黄子韬,黄子韬,18261,2020-03-27
黄子韬,黄子韬,5439,2020-03-27
黄子韬,黄子韬,12822,2020-03-27
黄子韬,黄子韬,16882,2020-03-28
黄子韬,黄子韬,5280,2020-03-28
黄子韬,黄子韬,11602,2020-03-28
黄子韬,黄子韬,16296,2020-03-29
黄子韬,黄子韬,4956,2020-03-29
黄子韬,黄子韬,11340,2020-03-29
黄子韬,黄子韬,16105,2020-03-30
黄子韬,黄子韬,5019,2020-03-30
黄子韬,黄子韬,11086,2020-03-30
黄子韬,黄子韬,15105,2020-03-31
黄子韬,黄子韬,4733,2020-03-31
黄子韬,黄子韬,10372,2020-03-31
黄子韬,黄子韬,18836,2020-04-01
黄子韬,黄子韬,5389,2020-04-01
黄子韬,黄子韬,13447,2020-04-01
黄子韬,黄子韬,17180,2020-04-02
黄子韬,黄子韬,5299,2020-04-02
黄子韬,黄子韬,11881,2020-04-02
黄子韬,黄子韬,16310,2020-04-03
黄子韬,黄子韬,6078,2020-04-03
黄子韬,黄子韬,10232,2020-04-03
黄子韬,黄子韬,17984,2020-04-04
黄子韬,黄子韬,6346,2020-04-04
黄子韬,黄子韬,11638,2020-04-04
易烊千玺,易烊千玺,32563,2020-03-15
易烊千玺,易烊千玺,3044,2020-03-15
易烊千玺,易烊千玺,29519,2020-03-15
易烊千玺,易烊千玺,32230,2020-03-16
易烊千玺,易烊千玺,3923,2020-03-16
易烊千玺,易烊千玺,28307,2020-03-16
易烊千玺,易烊千玺,31932,2020-03-17
易烊千玺,易烊千玺,3905,2020-03-17
易烊千玺,易烊千玺,28027,2020-03-17
易烊千玺,易烊千玺,40979,2020-03-18
易烊千玺,易烊千玺,4498,2020-03-18
易烊千玺,易烊千玺,36481,2020-03-18
易烊千玺,易烊千玺,39894,2020-03-19
易烊千玺,易烊千玺,4482,2020-03-19
易烊千玺,易烊千玺,35412,2020-03-19
易烊千玺,易烊千玺,37530,2020-03-20
易烊千玺,易烊千玺,4114,2020-03-20
易烊千玺,易烊千玺,33416,2020-03-20
易烊千玺,易烊千玺,40626,2020-03-21
易烊千玺,易烊千玺,5297,2020-03-21
易烊千玺,易烊千玺,35329,2020-03-21
易烊千玺,易烊千玺,37942,2020-03-22
易烊千玺,易烊千玺,3548,2020-03-22
易烊千玺,易烊千玺,34394,2020-03-22
易烊千玺,易烊千玺,36597,2020-03-23
易烊千玺,易烊千玺,4553,2020-03-23
易烊千玺,易烊千玺,32044,2020-03-23
易烊千玺,易烊千玺,34022,2020-03-24
易烊千玺,易烊千玺,4693,2020-03-24
易烊千玺,易烊千玺,29329,2020-03-24
易烊千玺,易烊千玺,53795,2020-03-25
易烊千玺,易烊千玺,6441,2020-03-25
易烊千玺,易烊千玺,47354,2020-03-25
易烊千玺,易烊千玺,90400,2020-03-26
易烊千玺,易烊千玺,13252,2020-03-26
易烊千玺,易烊千玺,77148,2020-03-26
易烊千玺,易烊千玺,68458,2020-03-27
易烊千玺,易烊千玺,7049,2020-03-27
易烊千玺,易烊千玺,61409,2020-03-27
易烊千玺,易烊千玺,45462,2020-03-28
易烊千玺,易烊千玺,4164,2020-03-28
易烊千玺,易烊千玺,41298,2020-03-28
易烊千玺,易烊千玺,42592,2020-03-29
易烊千玺,易烊千玺,3668,2020-03-29
易烊千玺,易烊千玺,38924,2020-03-29
易烊千玺,易烊千玺,38937,2020-03-30
易烊千玺,易烊千玺,4395,2020-03-30
易烊千玺,易烊千玺,34542,2020-03-30
易烊千玺,易烊千玺,35008,2020-03-31
易烊千玺,易烊千玺,4218,2020-03-31
易烊千玺,易烊千玺,30790,2020-03-31
易烊千玺,易烊千玺,34763,2020-04-01
易烊千玺,易烊千玺,4071,2020-04-01
易烊千玺,易烊千玺,30692,2020-04-01
易烊千玺,易烊千玺,40727,2020-04-02
易烊千玺,易烊千玺,4476,2020-04-02
易烊千玺,易烊千玺,36251,2020-04-02
易烊千玺,易烊千玺,36588,2020-04-03
易烊千玺,易烊千玺,3857,2020-04-03
易烊千玺,易烊千玺,32731,2020-04-03
易烊千玺,易烊千玺,37889,2020-04-04
易烊千玺,易烊千玺,3649,2020-04-04
易烊千玺,易烊千玺,34240,2020-04-04
王一博,王一博,57504,2020-03-15
王一博,王一博,4589,2020-03-15
王一博,王一博,52915,2020-03-15
王一博,王一博,62141,2020-03-16
王一博,王一博,6468,2020-03-16
王一博,王一博,55673,2020-03-16
王一博,王一博,59948,2020-03-17
王一博,王一博,6550,2020-03-17
王一博,王一博,53398,2020-03-17
王一博,王一博,58595,2020-03-18
王一博,王一博,7123,2020-03-18
王一博,王一博,51472,2020-03-18
王一博,王一博,58678,2020-03-19
王一博,王一博,6945,2020-03-19
王一博,王一博,51733,2020-03-19
王一博,王一博,61903,2020-03-20
王一博,王一博,7482,2020-03-20
王一博,王一博,54421,2020-03-20
王一博,王一博,54719,2020-03-21
王一博,王一博,5493,2020-03-21
王一博,王一博,49226,2020-03-21
王一博,王一博,57826,2020-03-22
王一博,王一博,5727,2020-03-22
王一博,王一博,52099,2020-03-22
王一博,王一博,57906,2020-03-23
王一博,王一博,7212,2020-03-23
王一博,王一博,50694,2020-03-23
王一博,王一博,57687,2020-03-24
王一博,王一博,7850,2020-03-24
王一博,王一博,49837,2020-03-24
王一博,王一博,57918,2020-03-25
王一博,王一博,7411,2020-03-25
王一博,王一博,50507,2020-03-25
王一博,王一博,57944,2020-03-26
王一博,王一博,6220,2020-03-26
王一博,王一博,51724,2020-03-26
王一博,王一博,58422,2020-03-27
王一博,王一博,6207,2020-03-27
王一博,王一博,52215,2020-03-27
王一博,王一博,52247,2020-03-28
王一博,王一博,3150,2020-03-28
王一博,王一博,49097,2020-03-28
王一博,王一博,54732,2020-03-29
王一博,王一博,3999,2020-03-29
王一博,王一博,50733,2020-03-29
王一博,王一博,60465,2020-03-30
王一博,王一博,6226,2020-03-30
王一博,王一博,54239,2020-03-30
王一博,王一博,55908,2020-03-31
王一博,王一博,6507,2020-03-31
王一博,王一博,49401,2020-03-31
王一博,王一博,54404,2020-04-01
王一博,王一博,5882,2020-04-01
王一博,王一博,48522,2020-04-01
王一博,王一博,52089,2020-04-02
王一博,王一博,4404,2020-04-02
王一博,王一博,47685,2020-04-02
王一博,王一博,52145,2020-04-03
王一博,王一博,4746,2020-04-03
王一博,王一博,47399,2020-04-03
王一博,王一博,58326,2020-04-04
王一博,王一博,3607,2020-04-04
王一博,王一博,54719,2020-04-04
周杰伦,周杰伦,18201,2020-03-15
周杰伦,周杰伦,3288,2020-03-15
周杰伦,周杰伦,14913,2020-03-15
周杰伦,周杰伦,18934,2020-03-16
周杰伦,周杰伦,3912,2020-03-16
周杰伦,周杰伦,15022,2020-03-16
周杰伦,周杰伦,19095,2020-03-17
周杰伦,周杰伦,3969,2020-03-17
周杰伦,周杰伦,15126,2020-03-17
周杰伦,周杰伦,18283,2020-03-18
周杰伦,周杰伦,3937,2020-03-18
周杰伦,周杰伦,14346,2020-03-18
周杰伦,周杰伦,18584,2020-03-19
周杰伦,周杰伦,4080,2020-03-19
周杰伦,周杰伦,14504,2020-03-19
周杰伦,周杰伦,18757,2020-03-20
周杰伦,周杰伦,4209,2020-03-20
周杰伦,周杰伦,14548,2020-03-20
周杰伦,周杰伦,23833,2020-03-21
周杰伦,周杰伦,4196,2020-03-21
周杰伦,周杰伦,19637,2020-03-21
周杰伦,周杰伦,27338,2020-03-22
周杰伦,周杰伦,4323,2020-03-22
周杰伦,周杰伦,23015,2020-03-22
周杰伦,周杰伦,23548,2020-03-23
周杰伦,周杰伦,5002,2020-03-23
周杰伦,周杰伦,18546,2020-03-23
周杰伦,周杰伦,22729,2020-03-24
周杰伦,周杰伦,4975,2020-03-24
周杰伦,周杰伦,17754,2020-03-24
周杰伦,周杰伦,21553,2020-03-25
周杰伦,周杰伦,4525,2020-03-25
周杰伦,周杰伦,17028,2020-03-25
周杰伦,周杰伦,21127,2020-03-26
周杰伦,周杰伦,4288,2020-03-26
周杰伦,周杰伦,16839,2020-03-26
周杰伦,周杰伦,20417,2020-03-27
周杰伦,周杰伦,4074,2020-03-27
周杰伦,周杰伦,16343,2020-03-27
周杰伦,周杰伦,19407,2020-03-28
周杰伦,周杰伦,3505,2020-03-28
周杰伦,周杰伦,15902,2020-03-28
周杰伦,周杰伦,19827,2020-03-29
周杰伦,周杰伦,3466,2020-03-29
周杰伦,周杰伦,16361,2020-03-29
周杰伦,周杰伦,18926,2020-03-30
周杰伦,周杰伦,3863,2020-03-30
周杰伦,周杰伦,15063,2020-03-30
周杰伦,周杰伦,18636,2020-03-31
周杰伦,周杰伦,3861,2020-03-31
周杰伦,周杰伦,14775,2020-03-31
周杰伦,周杰伦,18655,2020-04-01
周杰伦,周杰伦,3742,2020-04-01
周杰伦,周杰伦,14913,2020-04-01
周杰伦,周杰伦,18085,2020-04-02
周杰伦,周杰伦,3803,2020-04-02
周杰伦,周杰伦,14282,2020-04-02
周杰伦,周杰伦,17917,2020-04-03
周杰伦,周杰伦,3566,2020-04-03
周杰伦,周杰伦,14351,2020-04-03
周杰伦,周杰伦,21771,2020-04-04
周杰伦,周杰伦,3449,2020-04-04
周杰伦,周杰伦,18322,2020-04-04
任嘉伦,任嘉伦,41091,2020-03-15
任嘉伦,任嘉伦,2865,2020-03-15
任嘉伦,任嘉伦,38226,2020-03-15
任嘉伦,任嘉伦,43192,2020-03-16
任嘉伦,任嘉伦,4201,2020-03-16
任嘉伦,任嘉伦,38991,2020-03-16
任嘉伦,任嘉伦,40649,2020-03-17
任嘉伦,任嘉伦,3652,2020-03-17
任嘉伦,任嘉伦,36997,2020-03-17
任嘉伦,任嘉伦,41912,2020-03-18
任嘉伦,任嘉伦,3961,2020-03-18
任嘉伦,任嘉伦,37951,2020-03-18
任嘉伦,任嘉伦,40269,2020-03-19
任嘉伦,任嘉伦,3922,2020-03-19
任嘉伦,任嘉伦,36347,2020-03-19
任嘉伦,任嘉伦,38142,2020-03-20
任嘉伦,任嘉伦,3529,2020-03-20
任嘉伦,任嘉伦,34613,2020-03-20
任嘉伦,任嘉伦,35168,2020-03-21
任嘉伦,任嘉伦,2623,2020-03-21
任嘉伦,任嘉伦,32545,2020-03-21
任嘉伦,任嘉伦,33034,2020-03-22
任嘉伦,任嘉伦,2105,2020-03-22
任嘉伦,任嘉伦,30929,2020-03-22
任嘉伦,任嘉伦,34047,2020-03-23
任嘉伦,任嘉伦,3636,2020-03-23
任嘉伦,任嘉伦,30411,2020-03-23
任嘉伦,任嘉伦,32827,2020-03-24
任嘉伦,任嘉伦,3476,2020-03-24
任嘉伦,任嘉伦,29351,2020-03-24
任嘉伦,任嘉伦,38453,2020-03-25
任嘉伦,任嘉伦,4114,2020-03-25
任嘉伦,任嘉伦,34339,2020-03-25
任嘉伦,任嘉伦,35039,2020-03-26
任嘉伦,任嘉伦,3429,2020-03-26
任嘉伦,任嘉伦,31610,2020-03-26
任嘉伦,任嘉伦,33455,2020-03-27
任嘉伦,任嘉伦,3019,2020-03-27
任嘉伦,任嘉伦,30436,2020-03-27
任嘉伦,任嘉伦,30864,2020-03-28
任嘉伦,任嘉伦,2257,2020-03-28
任嘉伦,任嘉伦,28607,2020-03-28
任嘉伦,任嘉伦,31269,2020-03-29
任嘉伦,任嘉伦,2049,2020-03-29
任嘉伦,任嘉伦,29220,2020-03-29
任嘉伦,任嘉伦,31795,2020-03-30
任嘉伦,任嘉伦,3126,2020-03-30
任嘉伦,任嘉伦,28669,2020-03-30
任嘉伦,任嘉伦,30304,2020-03-31
任嘉伦,任嘉伦,2867,2020-03-31
任嘉伦,任嘉伦,27437,2020-03-31
任嘉伦,任嘉伦,30194,2020-04-01
任嘉伦,任嘉伦,2805,2020-04-01
任嘉伦,任嘉伦,27389,2020-04-01
任嘉伦,任嘉伦,29214,2020-04-02
任嘉伦,任嘉伦,2809,2020-04-02
任嘉伦,任嘉伦,26405,2020-04-02
任嘉伦,任嘉伦,27720,2020-04-03
任嘉伦,任嘉伦,2451,2020-04-03
任嘉伦,任嘉伦,25269,2020-04-03
任嘉伦,任嘉伦,30391,2020-04-04
任嘉伦,任嘉伦,1807,2020-04-04
任嘉伦,任嘉伦,28584,2020-04-04
郭富城,郭富城,10051,2020-03-15
郭富城,郭富城,893,2020-03-15
郭富城,郭富城,9158,2020-03-15
郭富城,郭富城,7662,2020-03-16
郭富城,郭富城,936,2020-03-16
郭富城,郭富城,6726,2020-03-16
郭富城,郭富城,5765,2020-03-17
郭富城,郭富城,899,2020-03-17
郭富城,郭富城,4866,2020-03-17
郭富城,郭富城,5727,2020-03-18
郭富城,郭富城,910,2020-03-18
郭富城,郭富城,4817,2020-03-18
郭富城,郭富城,5491,2020-03-19
郭富城,郭富城,918,2020-03-19
郭富城,郭富城,4573,2020-03-19
郭富城,郭富城,5268,2020-03-20
郭富城,郭富城,888,2020-03-20
郭富城,郭富城,4380,2020-03-20
郭富城,郭富城,5761,2020-03-21
郭富城,郭富城,863,2020-03-21
郭富城,郭富城,4898,2020-03-21
郭富城,郭富城,5520,2020-03-22
郭富城,郭富城,854,2020-03-22
郭富城,郭富城,4666,2020-03-22
郭富城,郭富城,5415,2020-03-23
郭富城,郭富城,937,2020-03-23
郭富城,郭富城,4478,2020-03-23
郭富城,郭富城,5187,2020-03-24
郭富城,郭富城,897,2020-03-24
郭富城,郭富城,4290,2020-03-24
郭富城,郭富城,5274,2020-03-25
郭富城,郭富城,879,2020-03-25
郭富城,郭富城,4395,2020-03-25
郭富城,郭富城,5806,2020-03-26
郭富城,郭富城,961,2020-03-26
郭富城,郭富城,4845,2020-03-26
郭富城,郭富城,5641,2020-03-27
郭富城,郭富城,902,2020-03-27
郭富城,郭富城,4739,2020-03-27
郭富城,郭富城,13657,2020-03-28
郭富城,郭富城,901,2020-03-28
郭富城,郭富城,12756,2020-03-28
郭富城,郭富城,35518,2020-03-29
郭富城,郭富城,1221,2020-03-29
郭富城,郭富城,34297,2020-03-29
郭富城,郭富城,37871,2020-03-30
郭富城,郭富城,1658,2020-03-30
郭富城,郭富城,36213,2020-03-30
郭富城,郭富城,37579,2020-03-31
郭富城,郭富城,1515,2020-03-31
郭富城,郭富城,36064,2020-03-31
郭富城,郭富城,60366,2020-04-01
郭富城,郭富城,2588,2020-04-01
郭富城,郭富城,57778,2020-04-01
郭富城,郭富城,116459,2020-04-02
郭富城,郭富城,3636,2020-04-02
郭富城,郭富城,112823,2020-04-02
郭富城,郭富城,70845,2020-04-03
郭富城,郭富城,2926,2020-04-03
郭富城,郭富城,67919,2020-04-03
郭富城,郭富城,43088,2020-04-04
郭富城,郭富城,1516,2020-04-04
郭富城,郭富城,41572,2020-04-04
鹿晗,鹿晗,26737,2020-03-15
鹿晗,鹿晗,1941,2020-03-15
鹿晗,鹿晗,24796,2020-03-15
鹿晗,鹿晗,31392,2020-03-16
鹿晗,鹿晗,2712,2020-03-16
鹿晗,鹿晗,28680,2020-03-16
鹿晗,鹿晗,29796,2020-03-17
鹿晗,鹿晗,2938,2020-03-17
鹿晗,鹿晗,26858,2020-03-17
鹿晗,鹿晗,26786,2020-03-18
鹿晗,鹿晗,2685,2020-03-18
鹿晗,鹿晗,24101,2020-03-18
鹿晗,鹿晗,25014,2020-03-19
鹿晗,鹿晗,2427,2020-03-19
鹿晗,鹿晗,22587,2020-03-19
鹿晗,鹿晗,25499,2020-03-20
鹿晗,鹿晗,2528,2020-03-20
鹿晗,鹿晗,22971,2020-03-20
鹿晗,鹿晗,25175,2020-03-21
鹿晗,鹿晗,2027,2020-03-21
鹿晗,鹿晗,23148,2020-03-21
鹿晗,鹿晗,24064,2020-03-22
鹿晗,鹿晗,1795,2020-03-22
鹿晗,鹿晗,22269,2020-03-22
鹿晗,鹿晗,24862,2020-03-23
鹿晗,鹿晗,2671,2020-03-23
鹿晗,鹿晗,22191,2020-03-23
鹿晗,鹿晗,24673,2020-03-24
鹿晗,鹿晗,2572,2020-03-24
鹿晗,鹿晗,22101,2020-03-24
鹿晗,鹿晗,26475,2020-03-25
鹿晗,鹿晗,2536,2020-03-25
鹿晗,鹿晗,23939,2020-03-25
鹿晗,鹿晗,26357,2020-03-26
鹿晗,鹿晗,2586,2020-03-26
鹿晗,鹿晗,23771,2020-03-26
鹿晗,鹿晗,29952,2020-03-27
鹿晗,鹿晗,2545,2020-03-27
鹿晗,鹿晗,27407,2020-03-27
鹿晗,鹿晗,31969,2020-03-28
鹿晗,鹿晗,2235,2020-03-28
鹿晗,鹿晗,29734,2020-03-28
鹿晗,鹿晗,30170,2020-03-29
鹿晗,鹿晗,2031,2020-03-29
鹿晗,鹿晗,28139,2020-03-29
鹿晗,鹿晗,28097,2020-03-30
鹿晗,鹿晗,2537,2020-03-30
鹿晗,鹿晗,25560,2020-03-30
鹿晗,鹿晗,33501,2020-03-31
鹿晗,鹿晗,2635,2020-03-31
鹿晗,鹿晗,30866,2020-03-31
鹿晗,鹿晗,35095,2020-04-01
鹿晗,鹿晗,3590,2020-04-01
鹿晗,鹿晗,31505,2020-04-01
鹿晗,鹿晗,30587,2020-04-02
鹿晗,鹿晗,2826,2020-04-02
鹿晗,鹿晗,27761,2020-04-02
鹿晗,鹿晗,30479,2020-04-03
鹿晗,鹿晗,2500,2020-04-03
鹿晗,鹿晗,27979,2020-04-03
鹿晗,鹿晗,33876,2020-04-04
鹿晗,鹿晗,2263,2020-04-04
鹿晗,鹿晗,31613,2020-04-04
吴亦凡,吴亦凡,17955,2020-03-15
吴亦凡,吴亦凡,1460,2020-03-15
吴亦凡,吴亦凡,16495,2020-03-15
吴亦凡,吴亦凡,21031,2020-03-16
吴亦凡,吴亦凡,2118,2020-03-16
吴亦凡,吴亦凡,18913,2020-03-16
吴亦凡,吴亦凡,30282,2020-03-17
吴亦凡,吴亦凡,2257,2020-03-17
吴亦凡,吴亦凡,28025,2020-03-17
吴亦凡,吴亦凡,39244,2020-03-18
吴亦凡,吴亦凡,2726,2020-03-18
吴亦凡,吴亦凡,36518,2020-03-18
吴亦凡,吴亦凡,21286,2020-03-19
吴亦凡,吴亦凡,2128,2020-03-19
吴亦凡,吴亦凡,19158,2020-03-19
吴亦凡,吴亦凡,22667,2020-03-20
吴亦凡,吴亦凡,2265,2020-03-20
吴亦凡,吴亦凡,20402,2020-03-20
吴亦凡,吴亦凡,18969,2020-03-21
吴亦凡,吴亦凡,1657,2020-03-21
吴亦凡,吴亦凡,17312,2020-03-21
吴亦凡,吴亦凡,17865,2020-03-22
吴亦凡,吴亦凡,1588,2020-03-22
吴亦凡,吴亦凡,16277,2020-03-22
吴亦凡,吴亦凡,18444,2020-03-23
吴亦凡,吴亦凡,2264,2020-03-23
吴亦凡,吴亦凡,16180,2020-03-23
吴亦凡,吴亦凡,16645,2020-03-24
吴亦凡,吴亦凡,2135,2020-03-24
吴亦凡,吴亦凡,14510,2020-03-24
吴亦凡,吴亦凡,16204,2020-03-25
吴亦凡,吴亦凡,2064,2020-03-25
吴亦凡,吴亦凡,14140,2020-03-25
吴亦凡,吴亦凡,16153,2020-03-26
吴亦凡,吴亦凡,1921,2020-03-26
吴亦凡,吴亦凡,14232,2020-03-26
吴亦凡,吴亦凡,24855,2020-03-27
吴亦凡,吴亦凡,2904,2020-03-27
吴亦凡,吴亦凡,21951,2020-03-27
吴亦凡,吴亦凡,19796,2020-03-28
吴亦凡,吴亦凡,1916,2020-03-28
吴亦凡,吴亦凡,17880,2020-03-28
吴亦凡,吴亦凡,18662,2020-03-29
吴亦凡,吴亦凡,1798,2020-03-29
吴亦凡,吴亦凡,16864,2020-03-29
吴亦凡,吴亦凡,19032,2020-03-30
吴亦凡,吴亦凡,2477,2020-03-30
吴亦凡,吴亦凡,16555,2020-03-30
吴亦凡,吴亦凡,17215,2020-03-31
吴亦凡,吴亦凡,2097,2020-03-31
吴亦凡,吴亦凡,15118,2020-03-31
吴亦凡,吴亦凡,22837,2020-04-01
吴亦凡,吴亦凡,3092,2020-04-01
吴亦凡,吴亦凡,19745,2020-04-01
吴亦凡,吴亦凡,17355,2020-04-02
吴亦凡,吴亦凡,2320,2020-04-02
吴亦凡,吴亦凡,15035,2020-04-02
吴亦凡,吴亦凡,15131,2020-04-03
吴亦凡,吴亦凡,1951,2020-04-03
吴亦凡,吴亦凡,13180,2020-04-03
吴亦凡,吴亦凡,17382,2020-04-04
吴亦凡,吴亦凡,1684,2020-04-04
吴亦凡,吴亦凡,15698,2020-04-04
李现,李现,23322,2020-03-15
李现,李现,1169,2020-03-15
李现,李现,22153,2020-03-15
李现,李现,23905,2020-03-16
李现,李现,1138,2020-03-16
李现,李现,22767,2020-03-16
李现,李现,23712,2020-03-17
李现,李现,1365,2020-03-17
李现,李现,22347,2020-03-17
李现,李现,24794,2020-03-18
李现,李现,1690,2020-03-18
李现,李现,23104,2020-03-18
李现,李现,23724,2020-03-19
李现,李现,1152,2020-03-19
李现,李现,22572,2020-03-19
李现,李现,23785,2020-03-20
李现,李现,1713,2020-03-20
李现,李现,22072,2020-03-20
李现,李现,22256,2020-03-21
李现,李现,1219,2020-03-21
李现,李现,21037,2020-03-21
李现,李现,20772,2020-03-22
李现,李现,860,2020-03-22
李现,李现,19912,2020-03-22
李现,李现,21735,2020-03-23
李现,李现,436,2020-03-23
李现,李现,21299,2020-03-23
李现,李现,21239,2020-03-24
李现,李现,409,2020-03-24
李现,李现,20830,2020-03-24
李现,李现,22203,2020-03-25
李现,李现,1194,2020-03-25
李现,李现,21009,2020-03-25
李现,李现,25473,2020-03-26
李现,李现,2174,2020-03-26
李现,李现,23299,2020-03-26
李现,李现,22311,2020-03-27
李现,李现,1857,2020-03-27
李现,李现,20454,2020-03-27
李现,李现,20889,2020-03-28
李现,李现,1577,2020-03-28
李现,李现,19312,2020-03-28
李现,李现,22137,2020-03-29
李现,李现,1542,2020-03-29
李现,李现,20595,2020-03-29
李现,李现,22117,2020-03-30
李现,李现,2043,2020-03-30
李现,李现,20074,2020-03-30
李现,李现,21904,2020-03-31
李现,李现,2102,2020-03-31
李现,李现,19802,2020-03-31
李现,李现,21972,2020-04-01
李现,李现,2178,2020-04-01
李现,李现,19794,2020-04-01
李现,李现,21305,2020-04-02
李现,李现,1912,2020-04-02
李现,李现,19393,2020-04-02
李现,李现,23277,2020-04-03
李现,李现,2120,2020-04-03
李现,李现,21157,2020-04-03
李现,李现,24817,2020-04-04
李现,李现,1642,2020-04-04
李现,李现,23175,2020-04-04
张一山,张一山,18172,2020-03-15
张一山,张一山,1186,2020-03-15
张一山,张一山,16986,2020-03-15
张一山,张一山,15523,2020-03-16
张一山,张一山,1406,2020-03-16
张一山,张一山,14117,2020-03-16
张一山,张一山,15125,2020-03-17
张一山,张一山,1319,2020-03-17
张一山,张一山,13806,2020-03-17
张一山,张一山,13987,2020-03-18
张一山,张一山,1280,2020-03-18
张一山,张一山,12707,2020-03-18
张一山,张一山,14319,2020-03-19
张一山,张一山,1347,2020-03-19
张一山,张一山,12972,2020-03-19
张一山,张一山,13887,2020-03-20
张一山,张一山,1385,2020-03-20
张一山,张一山,12502,2020-03-20
张一山,张一山,16033,2020-03-21
张一山,张一山,1209,2020-03-21
张一山,张一山,14824,2020-03-21
张一山,张一山,15503,2020-03-22
张一山,张一山,1121,2020-03-22
张一山,张一山,14382,2020-03-22
张一山,张一山,13355,2020-03-23
张一山,张一山,1342,2020-03-23
张一山,张一山,12013,2020-03-23
张一山,张一山,13709,2020-03-24
张一山,张一山,1378,2020-03-24
张一山,张一山,12331,2020-03-24
张一山,张一山,13918,2020-03-25
张一山,张一山,1346,2020-03-25
张一山,张一山,12572,2020-03-25
张一山,张一山,15169,2020-03-26
张一山,张一山,1508,2020-03-26
张一山,张一山,13661,2020-03-26
张一山,张一山,13337,2020-03-27
张一山,张一山,1240,2020-03-27
张一山,张一山,12097,2020-03-27
张一山,张一山,12576,2020-03-28
张一山,张一山,1029,2020-03-28
张一山,张一山,11547,2020-03-28
张一山,张一山,12686,2020-03-29
张一山,张一山,988,2020-03-29
张一山,张一山,11698,2020-03-29
张一山,张一山,12661,2020-03-30
张一山,张一山,1221,2020-03-30
张一山,张一山,11440,2020-03-30
张一山,张一山,13041,2020-03-31
张一山,张一山,1233,2020-03-31
张一山,张一山,11808,2020-03-31
张一山,张一山,12733,2020-04-01
张一山,张一山,1207,2020-04-01
张一山,张一山,11526,2020-04-01
张一山,张一山,16242,2020-04-02
张一山,张一山,1326,2020-04-02
张一山,张一山,14916,2020-04-02
张一山,张一山,17972,2020-04-03
张一山,张一山,1400,2020-04-03
张一山,张一山,16572,2020-04-03
张一山,张一山,13956,2020-04-04
张一山,张一山,1159,2020-04-04
张一山,张一山,12797,2020-04-04
靳东,靳东,12977,2020-03-15
靳东,靳东,1002,2020-03-15
靳东,靳东,11975,2020-03-15
靳东,靳东,12155,2020-03-16
靳东,靳东,1299,2020-03-16
靳东,靳东,10856,2020-03-16
靳东,靳东,11351,2020-03-17
靳东,靳东,1283,2020-03-17
靳东,靳东,10068,2020-03-17
靳东,靳东,14236,2020-03-18
靳东,靳东,1357,2020-03-18
靳东,靳东,12879,2020-03-18
靳东,靳东,20524,2020-03-19
靳东,靳东,1877,2020-03-19
靳东,靳东,18647,2020-03-19
靳东,靳东,44508,2020-03-20
靳东,靳东,3657,2020-03-20
靳东,靳东,40851,2020-03-20
靳东,靳东,42446,2020-03-21
靳东,靳东,3483,2020-03-21
靳东,靳东,38963,2020-03-21
靳东,靳东,45375,2020-03-22
靳东,靳东,3310,2020-03-22
靳东,靳东,42065,2020-03-22
靳东,靳东,40912,2020-03-23
靳东,靳东,4201,2020-03-23
靳东,靳东,36711,2020-03-23
靳东,靳东,39863,2020-03-24
靳东,靳东,4117,2020-03-24
靳东,靳东,35746,2020-03-24
靳东,靳东,38336,2020-03-25
靳东,靳东,3738,2020-03-25
靳东,靳东,34598,2020-03-25
靳东,靳东,40390,2020-03-26
靳东,靳东,3520,2020-03-26
靳东,靳东,36870,2020-03-26
靳东,靳东,39804,2020-03-27
靳东,靳东,3273,2020-03-27
靳东,靳东,36531,2020-03-27
靳东,靳东,36330,2020-03-28
靳东,靳东,2605,2020-03-28
靳东,靳东,33725,2020-03-28
靳东,靳东,38255,2020-03-29
靳东,靳东,2436,2020-03-29
靳东,靳东,35819,2020-03-29
靳东,靳东,34048,2020-03-30
靳东,靳东,3136,2020-03-30
靳东,靳东,30912,2020-03-30
靳东,靳东,35721,2020-03-31
靳东,靳东,3354,2020-03-31
靳东,靳东,32367,2020-03-31
靳东,靳东,38480,2020-04-01
靳东,靳东,3194,2020-04-01
靳东,靳东,35286,2020-04-01
靳东,靳东,34791,2020-04-02
靳东,靳东,3164,2020-04-02
靳东,靳东,31627,2020-04-02
靳东,靳东,31550,2020-04-03
靳东,靳东,2891,2020-04-03
靳东,靳东,28659,2020-04-03
靳东,靳东,37791,2020-04-04
靳东,靳东,3260,2020-04-04
靳东,靳东,34531,2020-04-04
萧敬腾,萧敬腾,5983,2020-03-15
萧敬腾,萧敬腾,881,2020-03-15
萧敬腾,萧敬腾,5102,2020-03-15
萧敬腾,萧敬腾,4101,2020-03-16
萧敬腾,萧敬腾,861,2020-03-16
萧敬腾,萧敬腾,3240,2020-03-16
萧敬腾,萧敬腾,3404,2020-03-17
萧敬腾,萧敬腾,843,2020-03-17
萧敬腾,萧敬腾,2561,2020-03-17
萧敬腾,萧敬腾,3126,2020-03-18
萧敬腾,萧敬腾,799,2020-03-18
萧敬腾,萧敬腾,2327,2020-03-18
萧敬腾,萧敬腾,3148,2020-03-19
萧敬腾,萧敬腾,830,2020-03-19
萧敬腾,萧敬腾,2318,2020-03-19
萧敬腾,萧敬腾,7437,2020-03-20
萧敬腾,萧敬腾,879,2020-03-20
萧敬腾,萧敬腾,6558,2020-03-20
萧敬腾,萧敬腾,8335,2020-03-21
萧敬腾,萧敬腾,982,2020-03-21
萧敬腾,萧敬腾,7353,2020-03-21
萧敬腾,萧敬腾,6083,2020-03-22
萧敬腾,萧敬腾,900,2020-03-22
萧敬腾,萧敬腾,5183,2020-03-22
萧敬腾,萧敬腾,4751,2020-03-23
萧敬腾,萧敬腾,888,2020-03-23
萧敬腾,萧敬腾,3863,2020-03-23
萧敬腾,萧敬腾,4361,2020-03-24
萧敬腾,萧敬腾,880,2020-03-24
萧敬腾,萧敬腾,3481,2020-03-24
萧敬腾,萧敬腾,5790,2020-03-25
萧敬腾,萧敬腾,918,2020-03-25
萧敬腾,萧敬腾,4872,2020-03-25
萧敬腾,萧敬腾,5209,2020-03-26
萧敬腾,萧敬腾,877,2020-03-26
萧敬腾,萧敬腾,4332,2020-03-26
萧敬腾,萧敬腾,9399,2020-03-27
萧敬腾,萧敬腾,953,2020-03-27
萧敬腾,萧敬腾,8446,2020-03-27
萧敬腾,萧敬腾,10749,2020-03-28
萧敬腾,萧敬腾,1009,2020-03-28
萧敬腾,萧敬腾,9740,2020-03-28
萧敬腾,萧敬腾,7207,2020-03-29
萧敬腾,萧敬腾,914,2020-03-29
萧敬腾,萧敬腾,6293,2020-03-29
萧敬腾,萧敬腾,6137,2020-03-30
萧敬腾,萧敬腾,943,2020-03-30
萧敬腾,萧敬腾,5194,2020-03-30
萧敬腾,萧敬腾,40387,2020-03-31
萧敬腾,萧敬腾,5771,2020-03-31
萧敬腾,萧敬腾,34616,2020-03-31
萧敬腾,萧敬腾,25473,2020-04-01
萧敬腾,萧敬腾,4727,2020-04-01
萧敬腾,萧敬腾,20746,2020-04-01
萧敬腾,萧敬腾,13590,2020-04-02
萧敬腾,萧敬腾,2436,2020-04-02
萧敬腾,萧敬腾,11154,2020-04-02
萧敬腾,萧敬腾,14224,2020-04-03
萧敬腾,萧敬腾,1756,2020-04-03
萧敬腾,萧敬腾,12468,2020-04-03
萧敬腾,萧敬腾,11840,2020-04-04
萧敬腾,萧敬腾,1279,2020-04-04
萧敬腾,萧敬腾,10561,2020-04-04
name,type,value,date
name,type,value,date
